{
  "train": {
    "precision": 0.02857142857142857,
    "recall": 0.0002025931928687196,
    "f1": 0.0004023335345001006,
    "bleu": 4.818672438566077,
    "rouge1": 22.650945220625797,
    "rouge2": 5.40462788411725,
    "rougeL": 14.918452663611825,
    "meteor": 17.806176912119305
  },
  "validation": {
    "precision": 0.0,
    "recall": 0.0,
    "f1": 0.0,
    "bleu": 10.656796257027747,
    "rouge1": 33.71652069857691,
    "rouge2": 13.008359118352942,
    "rougeL": 23.23989265358508,
    "meteor": 28.481032417582618
  },
  "test": {
    "precision": 0.16666666666666666,
    "recall": 0.001,
    "f1": 0.001988071570576541,
    "bleu": 10.20565908530916,
    "rouge1": 33.23893505834671,
    "rouge2": 12.604633828445126,
    "rougeL": 22.337271151892274,
    "meteor": 28.520560211136768
  }
}