{
  "train": {
    "precision": 0.5869336143308747,
    "recall": 0.023233987527895385,
    "f1": 0.04469856555321497,
    "bleu": 9.121443567656046,
    "rouge1": 31.222230012042886,
    "rouge2": 11.16173673519134,
    "rougeL": 21.433730098029542,
    "meteor": 27.084337145640713,
    "loss": 0.1971871152465246
  },
  "validation": {
    "precision": 0.5343511450381679,
    "recall": 0.025431425976385105,
    "f1": 0.04855210681463499,
    "bleu": 10.88053865719306,
    "rouge1": 35.227476248625386,
    "rouge2": 13.17160849133947,
    "rougeL": 23.71902188112337,
    "meteor": 29.388751356598902,
    "loss": 0.25593319112955315
  },
  "test": {
    "precision": 0.5281385281385281,
    "recall": 0.023763147643163226,
    "f1": 0.045479962721342033,
    "bleu": 10.357014767570744,
    "rouge1": 34.57300255127418,
    "rouge2": 12.932466756855021,
    "rougeL": 23.33097614932493,
    "meteor": 29.448541119545133,
    "loss": 0.24033263424970266
  }
}