{
  "validation": {
    "precision": 0.1593810063574984,
    "recall": 0.5874659400544959,
    "f1": 0.2507365483020624,
    "bleu": 8.75982597490612,
    "rouge1": 31.415156573242975,
    "rouge2": 11.052473318077707,
    "rougeL": 20.68778540820624,
    "meteor": 26.742706641032015
  },
  "test": {
    "precision": 0.15112334693476231,
    "recall": 0.5987534086482275,
    "f1": 0.24133464180569186,
    "bleu": 8.459280728331134,
    "rouge1": 30.761569178813314,
    "rouge2": 10.849324523590603,
    "rougeL": 20.399114573379276,
    "meteor": 26.670727835261708
  }
}