{
  "train": {
    "precision": 0.062152019341081,
    "recall": 0.9999582872755334,
    "f1": 0.11703007950087994,
    "bleu": 9.815113764789146,
    "rouge1": 34.8948061677151,
    "rouge2": 15.259881478747872,
    "rougeL": 23.775862248042372,
    "meteor": 36.75923266987489
  },
  "validation": {
    "precision": 0.08714862617784465,
    "recall": 0.9996366939146231,
    "f1": 0.16032046613255646,
    "bleu": 11.778514295060269,
    "rouge1": 38.325358308915895,
    "rouge2": 17.285431593326756,
    "rougeL": 25.57778427141475,
    "meteor": 38.51655528593497
  },
  "test": {
    "precision": 0.0802664081798568,
    "recall": 1.0,
    "f1": 0.14860483964339471,
    "bleu": 11.129217863045065,
    "rouge1": 37.39312385973357,
    "rouge2": 16.813334300061676,
    "rougeL": 25.211766622955974,
    "meteor": 38.20958919830367
  }
}